{
  "version": 1,
  "author": "Uri Shaked",
  "editor": "wokwi",
  "parts": [
    {
      "type": "wokwi-esp32-devkit-v1",
      "id": "esp",
      "top": 14.3,
      "left": -5,
      "attrs": { "env": "micropython-20220618-v1.19.1" }
    },
    { "type": "board-ds18b20", "id": "temp1", "top": 18.07, "left": -72.72, "attrs": {} },
    {
      "type": "wokwi-resistor",
      "id": "r1",
      "top": 120,
      "left": -86.95,
      "rotate": 90,
      "attrs": { "value": "4700" }
    },
    { "type": "wokwi-rgb-led", "id": "rgb1", "top": 71.2, "left": -142.9, "attrs": {} },
    {
      "type": "wokwi-buzzer",
      "id": "bz1",
      "top": 12,
      "left": 145.8,
      "attrs": { "volume": "0.1" }
    },
    { "type": "wokwi-dht22", "id": "dht1", "top": 221.1, "left": 90.6, "attrs": {} }
  ],
  "connections": [
    [ "esp:TX0", "$serialMonitor:RX", "", [] ],
    [ "esp:RX0", "$serialMonitor:TX", "", [] ],
    [ "temp1:DQ", "r1:1", "green", [ "v0" ] ],
    [ "r1:1", "esp:D13", "green", [ "h19.2", "v48" ] ],
    [ "temp1:GND", "esp:GND.2", "black", [ "v0" ] ],
    [ "temp1:VCC", "r1:2", "red", [ "v0" ] ],
    [ "esp:3V3", "r1:2", "green", [ "h18.9", "v48", "h-172.8" ] ],
    [ "esp:D12", "rgb1:R", "red", [ "h0" ] ],
    [ "esp:D14", "rgb1:G", "green", [ "h0" ] ],
    [ "esp:D27", "rgb1:B", "blue", [ "h0" ] ],
    [ "esp:GND.1", "bz1:2", "black", [ "h0" ] ],
    [ "esp:D5", "bz1:1", "white", [ "h0" ] ],
    [ "dht1:VCC", "esp:3V3", "red", [ "v0" ] ],
    [ "dht1:SDA", "esp:D15", "green", [ "v0" ] ],
    [ "dht1:GND", "esp:GND.1", "black", [ "v0" ] ]
  ],
  "dependencies": {}
}